powerlevel,weight
1.0993556405109262,0.3132420091324201
1.2590869206695299,0.16267123287671234
0.9323548063214074,0.2800228310502283
0.777410159297248,0.24406392694063928
